STATION CODE,LOCATIONS,STATE,Temp,D.O. (mg/l),PH,CONDUCTIVITY (µmhos/cm),B.O.D. (mg/l)
1393,"DAMANGANGA AT D/S OF MADHUBAN, DAMAN",DAMAN & DIU,30.6,6.7,7.5,203,0
1399,"ZUARI AT D/S OF PT. WHERE KUMBARJRIA CANAL JOINS, GOA",GOA,29.8,5.7,7.2,189,2
1475,ZUARI AT PANCHAWADI,GOA,29.5,6.3,6.9,179,1.7
3181,RIVER ZUARI AT BORIM BRIDGE,GOA,29.7,5.8,6.9,64,3.8
3182,RIVER ZUARI AT MARCAIM JETTY,GOA,29.5,5.8,7.3,83,1.9
1400,"MANDOVI AT NEGHBOURHOOD OF PANAJI, GOA",GOA,30,5.5,7.4,81,1.5
1476,"MANDOVI AT TONCA, MARCELA, GOA",GOA,29.2,6.1,6.7,308,1.4
3185,RIVER MANDOVI AT AMONA BRIDGE,GOA,29.6,6.4,6.7,414,1
3186,RIVER MANDOVI AT IFFI JETTY,GOA,30,6.4,7.6,305,2.2
3187,RIVER MANDOVI NEAR HOTEL MARRIOT,GOA,30.1,6.3,7.6,77,2.3
1543,"RIVER KALNA AT CHANDEL0 PERNEM, GOA",GOA,27.8,7.1,7.1,176,1.2
1548,"RIVER ASSONORA AT ASSONORA, GOA",GOA,27.9,6.7,6.4,93,1.4
2276,"RIVER BICHOLIM VARAZAN NAGAR , BICHOLIM",GOA,29.3,7.4,6.8,121,1.7
2275,"RIVER CHAPORA NEAR ALORNA FORT ,PERNEM",GOA,29.2,6.9,7,620,1.1
3189,RIVER CHAPORA AT SIOLIM,GOA,30,6,7.5,72,1.6
1546,"RIVER KHANDEPAR AT OPA 0 PONDA, GOA",GOA,29,7.3,7,247,1.5
2270,"RIVER KHANDEPAR AT CODLI NEAR BRIDGE ,U/S OPA WATERWORKS,SANGUEM",GOA,29.1,7.3,7,188,1
2272,"RIVER KUSHAWATI NEAR BUND AT KEVONA,RIVON,SANGUEM",GOA,28.7,7,6.9,224,1.2
1545,"RIVER MADAI AT DABOS 0  VALPOI, GOA",GOA,28.7,7.3,6.7,144,1.5
2274,RIVER MAPUSA ON CULVERT ON HIGHWAY MAPUSA0PANAJI,GOA,29.5,5.3,6.8,319,1.8
2271,"RIVER SAL PAZORKHONI,CUNCOLIM(NEAR CULVERT MARGAO0 CANACONA NATIONAL HIGHWAY)",GOA,29,6.3,6.4,79,1.6
2273,"RIVER SAL NEAR HOTEL LEELA MOBOR,CAVELOSSIM",GOA,29.4,5.4,7.6,39,1.4
3183,"RIVER SAL AT KHAREBAND, MARGAO",GOA,28.3,2.2,6.5,322,4.7
3184,"RIVER SAL AT ORLIM BRIDGE, ORLIM",GOA,30.1,5.2,7.1,192,2.6
3190,RIVER SINQUERIM (CANDOLIM SIDE NEAR BRIDGE),GOA,30.3,5.6,7.5,282,1.8
3191,RIVER SINQUERIM NEAR NERUL TEMPLE,GOA,30.5,5.5,7.4,275,1.5
1547,"RIVER TALPONA AT CANACONA, GOA",GOA,29.1,7.3,6.7,55,1.4
3188,RIVER TIRACOL AT TIRACOL,GOA,30.1,6.5,7.5,415,2
1544,"RIVER VALVANT AT SANKLI 0 BICHOLIM, GOA",GOA,29.2,7.2,6.3,100,1.5
2651,"AMBA RIVER AT D/S OF WAKEN BRIDGE0U/S OF JS PETROCHEMICALS, WAKENPHATA, ROHA",MAHARASHTRA,25.1,6.6,7.8,95,4.9
1461,"BHATSA AT D/S OF PISE DAM NEAR PISE VILLAGE (ULHAS), MAHARASHTRA",MAHARASHTRA,29.6,6.9,7.9,99,5
2653,"BHATSA RIVER AT D/S OF LIBERTY OIL MILLS, SATNEL, SHAHAPUR, THANE",MAHARASHTRA,27.4,6.8,7.7,85,5.2
2654,"BHATSA RIVER AT U/S OF LIBERTY OIL MILLS, SATNEL, SHAHAPUR, THANE",MAHARASHTRA,27.8,6.7,7.8,80,4.9
1092,"KALU AT ATALE VILLAGE, MAHARASHTRA",MAHARASHTRA,30.6,5.1,7.3,3937,10.3
2670,"KAN RIVER, NEAR SAKRI WATER WORKS, SAKRI, DHULE.",MAHARASHTRA,25,5.6,7.9,468,3.6
1152,"KUNDALIKA AT ROHA CITY, MAHARASHTRA",MAHARASHTRA,25,6.4,7.6,541,5.7
2198,KUNDALIKA RIVER AT ARE KHURD ( SALINE ZONE ),MAHARASHTRA,25,5.5,7.4,6166,7.7
2671,"KUNDALIKA RIVER NEAR SALAV BRIDGE (SALINA ZONE), SALAV, ROHA, RAIGAD",MAHARASHTRA,25.3,5.3,7.7,24062,9.9
2672,"KUNDALIKA RIVER AT DHATAV AT JACKWELL (DRINKING WATER  PUMPING STATION0SWEET ZONE), ROHA",MAHARASHTRA,25.1,6.7,7.6,83,4.8
2168,MITHI RIVER,MAHARASHTRA,26.1,3.6,7.4,4424,31.3
2676,"MUCHKUNDI RIVER AT  WAKED,RATNAGIRI, NEAR M/S ASAHI INDIA GLASS LTD., LANJA, RATNAGIRI.",MAHARASHTRA,21.4,7.2,7.7,226,3.1
1151,"PATALGANGA AT SHILPHATA, MAHARASHTRA",MAHARASHTRA,27.4,5.9,7.4,268,6.4
1462,"PATALGANGA NEAR INTAKE OF MIDC W/W, MAHARASHTRA",MAHARASHTRA,27.1,5.4,7.5,2413,7.4
2685,"PATALGANGA RIVER AT D/S OF KHARPADA BRIDGE, RAIGAD.",MAHARASHTRA,27.2,5.8,7.3,384,5.4
2686,"PATALGANGA RIVER AT VYAL PUMP HOUSE , KHALAPUR, RAIGAD.",MAHARASHTRA,27.3,5.9,7.4,269,5.1
2687,"PATALGANGA RIVER AT KHALAPUR PUMPING STATION, KHALAPUR, RAIGAD.",MAHARASHTRA,27,6,7.3,269,8.5
2688,"PATALGANGA RIVER AT SAVROLI BRIDGE, KHALAPUR, RAIGAD.",MAHARASHTRA,27.2,6.1,7.3,196,6.1
2689,"PATALGANGA RIVER AT GAGANGIRI MAHARAJ TEMPLE, KHOPOLI, RAIGAD.",MAHARASHTRA,27,5.9,7.4,269,6.4
2696,"PEHLAR DAM ON PEHLAR RIVER INLET OF WATER WORKS, VASAI, THANE.",MAHARASHTRA,22.6,6.3,7.8,223,4.6
2199,SAVITRI RIVER AT OVALE VILLAGE.,MAHARASHTRA,28.4,6.7,7.3,9293,3.5
2701,"SAVITRI RIVER JACKWELL AT UPSA KENDRE, 0GALWADI, MAHAD, RAIGAD",MAHARASHTRA,28,6.8,7.2,170,3.1
2702,"SAVITRI RIVER AT SHEDAV DOH, MAHAD,RAIGAD",MAHARASHTRA,27.6,6.8,7.3,4175,3.3
2703,"SAVITRI RIVER AT DADLI BRIDGE, DADLI, MAHAD, RAIGADH",MAHARASHTRA,27.9,6.9,7.3,4282,3.3
2704,"SAVITRI RIVER AT MUTHAVALI VILLAGE, MAHAD, RAIGADH",MAHARASHTRA,28.1,6.9,7.3,5551,3.4
2706,"SURYA RIVER, U/S OF SURYA DAM, DHAMMI, VIKRAMGAD, THANE",MAHARASHTRA,27.1,6.8,7.9,5390,4.9
2707,"SURYA RIVER AT MIDC PUMPING STATION, GARVASHET, PALGHAR, THANE",MAHARASHTRA,27.6,6.6,8.1,161,4.6
2708,"SURYA RIVER AT INTAKE OF VASAI0VIRAR W/S SCHEME, MASVAN, PALGHAR, THANE",MAHARASHTRA,27.3,6.7,8,138,5
2709,"TANSA RIVER NEAR ROAD BRIDGE, VILLAGE DAKEWALI, WADA, THANE",MAHARASHTRA,27.8,6.7,7.8,81,4.9
1093,"ULHAS AT U/S OF NRC BUND AT MOHANE, MAHARASHTRA",MAHARASHTRA,28,5.9,7.7,194,5.5
1094,"ULHAS AT U/S OF BADLAPUR, MAHARASHTRA",MAHARASHTRA,28.1,6.3,7.6,186,4.6
2162,ULHAS RIVER ATJAMBHUL WATER WORKS.,MAHARASHTRA,28.6,6.6,7.6,207,4.7
2712,"VAITARNA RIVER NEAR ROAD BRIDGE, GANDHARE VILLAGE, WADA, THANE.",MAHARASHTRA,26.9,6.8,7.7,85,5
2164,VASHISTI RIVER AT U/S OF THREE M PAPER MILLS NEAR M/S MULTIFILMS PLASTIC PVT. LTD. AT KHERDI.,MAHARASHTRA,23,7.1,7.4,176,2.7
2713,"VASHISHTI RIVER AT D/S OF THREE M PAPER MILLS NEAR CHIPLUN WATER INTAKE JACKWELL, KHERDI, RATNAGIRI",MAHARASHTRA,23,7,7.4,178,2.7
2714,"VASHISHTI RIVER AT U/S OF POPHALI NEAR KONPHANSAWANE BRIDGE, CHIPLUN, RATNAGIRI",MAHARASHTRA,23,7.2,7.2,180,2.7
1342,"ACHENKOIL AT THUMPAMON, KERALA",KERALA,25.1,6.7,7.5,85,1.4
1443,"ACHENKOIL AT CHENNITHULA, KERALA",KERALA,24.6,5.8,7.4,77,1.4
3465,"ACHENKOIL AT KALLARAKADAVU, PATHANAMTHITTA",KERALA,25.7,6.6,7.5,75,1.4
3466,"ACHENKOIL AT PANDALAM (NEAR AYYAPPA TEMPLE), PATHANAMTHITTA",KERALA,24.8,6.7,7.5,82,1.4
2297,R ANCHARAKANDY AT MERUVAMBA,KERALA,27.3,6.7,6.9,56,0.9
2319,R ANCHARAKANDY AT MERUVAMBA,KERALA,27.5,6.5,6.7,2240,1.2
2286,R AYROOR AT AYROOR BRIDGE,KERALA,25.2,6.3,6.9,73,1.6
2331,R BHARATHAPUZHA AT KUTTIPPURAM,KERALA,29.9,7,7.4,130,0.7
2332,R BHARATHAPUZHA AT PATTAMBI,KERALA,29.8,6.6,7.7,191,1.6
1154,"CHALAKUDY AT PULICKALKA0DAVU, KERALA",KERALA,27.8,6.9,6.9,134,1.1
20,"CHALIYAR AT KOOLIMADU, KERALA",KERALA,26.7,7,7.5,80,0.8
21,"CHALIYAR AT CHUNGAPALLY, KERALA",KERALA,25.8,6.7,7.4,14526,0.8
3464,"CHALIYAR AT NILAMBUR, MALAPPURAM",KERALA,26.4,7.2,7.4,82,0.7
1572,"CHANDRAGIRI AT PADIYATHADKA, KERALA",KERALA,29.8,7.5,7.2,67,1.1
1573,"CHITRAPUZHA AT IRUMPANAM, KERALA",KERALA,28.6,3,6.6,965,1.7
2295,R CORAPUZHA AT KANAYANKODE,KERALA,26.9,5.9,7.4,17990,0.7
1564,"R ITHIKKARA AT AYUR, KERALA",KERALA,26,6.7,7.5,90,1.6
2287,R ITHIKKARA AT ITHIKKARA,KERALA,23.6,6.1,7.4,4429,2
1566,"R KADALUNDI AT THIRURANGADY, KERALA",KERALA,30.3,6.7,6.9,87,1.7
2293,R KADALUNDI AT HAJIRAPPALLY,KERALA,30.7,6.9,6.8,85,1.6
2337,R KADAMBAYAR AT BRAHMAPURAM,KERALA,28.7,2.1,6.8,101,1.6
2338,R KADAMBAYAR AT MANCKAKADAVU,KERALA,28.2,2.5,6.9,83,1.9
42,"KALLADA AT PERUMTHOTTAMKADAVU, PUNALOOR, KERALA",KERALA,24.8,7.2,7.6,75,1.4
2294,R KALLAI AT KALLAI BRIDGE,KERALA,26.3,3.7,7.7,32005,1.2
3460,"KALPATHI PUZHA AT KALPATHI, PALAKKAD",KERALA,29.2,6.1,7.6,281,1.2
3458,KARAPUZHA DAM AT WAYANAD,KERALA,26.6,6.7,7.6,106,0.5
1571,"R KARINGODE AT KAKKADAVU,  KERALA",KERALA,30.4,7.6,7.1,58,1.2
1155,"KARAMANA AT MOONNATTUMUKKU, KERALA",KERALA,25.5,1.9,7.7,2941,26.9
3471,"RIVER KARAMANA AT ARUVIKARA, THIRUVA0THAPURAM",KERALA,25.1,7.4,7,35,0.1
2289,R KARUVANNURR AT KARUVANNUR BRIDGE,KERALA,28.9,6.4,7.2,63,1.3
2301,R KAVVAI AT KUTTIYOL PALAM,KERALA,28.8,5.4,6.7,65,1.1
2291,R KEECHERI AT VADAKKANCHERY BRIDGE,KERALA,29.3,5.6,7.3,90,1.6
2326,R KORAYAR AT KANJIKODE,KERALA,29.5,7.1,8,728,1.2
1569,"R KUPPAM AT THALIPARAMBA, KERALA",KERALA,28.4,5.9,6.8,13953,1.5
2298,R KUPPAM AT RAYAROM,KERALA,26.9,7.4,6.9,57,1.1
1567,"R KUTTIYADE AT KUTTIYADY ESTATE, KERALA",KERALA,25.8,7.2,7.2,41,0.7
1568,"R MAHE AT VALAYAM, KERALA",KERALA,26.6,6.5,7.4,71,0.6
2285,R MAMOM AT MAMOM BRIDGE,KERALA,25.3,6.8,7.1,81,0.8
1340,"MANIMALA  AT KALLOOPARA, KERALA",KERALA,28.2,6.8,6.9,68,1.7
1384,"MANIMALA AT THONDRA, KERALA",KERALA,28.5,6.6,7,70,1.4
3459,"MANIYANKODE PUZHA AT MANIYANKODE BRIDGE, WAYANAD",KERALA,27.6,6.4,7.7,100,0.6
2307,R MANJESWAR AT BAJRAKKARA BR.,KERALA,29,7.3,6.9,96,1.9
1339,"MEENACHIL AT KIDANGOOR, KERALA",KERALA,27.5,6.8,6.6,49,0.5
2304,R MOGRAL AT MOGRAL BR.,KERALA,30,5.6,7.2,24360,2.1
43,"MUVATTAPUZHA AT VETTIKKATTUMUKKU, KERALA",KERALA,27.8,6.9,6.8,59,0.6
2302,R NEELASWARAM AT NAMBIARKAL DAM,KERALA,30.2,7.1,6.8,14410,1.8
1570,"R NEELESWARAM AT HOSDURG, KERALA",KERALA,30.8,6.2,7.2,22757,1.5
1563,"R NEYYAR AT AMARAVILA, KERALA",KERALA,25.3,6.7,7.1,66,0.6
2284,R NEYYAR AT ARUVIPURAM,KERALA,25.3,7.2,7,59,0.6
2288,R PALLICKAL AT NELLIMUKAL,KERALA,25.8,6,7.6,120,1.3
1156,"PAMBA AT CHENGANNUR, KERALA",KERALA,27.2,5.2,6.8,55,0.6
1341,"PAMBA AT THAKAZHY, KERALA",KERALA,28.1,4.8,6.8,86,0.7
1565,"PAMBA DOWN, KERALA",KERALA,28.3,3.9,6.9,62,0.5
17,"PERIYAR NEAR ALWAYE0ELOOR, KERALA",KERALA,28.1,5,6.9,3185,1.8
18,"PERIYAR AT KALADY, KERALA",KERALA,27.7,7,7,36,1.1
1338,"PERIYAR AT SEWAGE DISCHARGE POINT, KERALA",KERALA,28,6.3,6.9,64,1.2
2333,RIVER PERIYAR AT MUPPATHADAM,KERALA,28.2,6.2,6.9,86,1.3
2334,RIVER PERIYAR AT PATHALAM,KERALA,28,5.7,6.8,2640,1.9
2335,R PERIYAR AT KALAMASSERY,KERALA,28.1,5.7,6.9,53,3.1
2336,R PERIYAR AT PURAPPALLIKAVU,KERALA,28.1,6.6,7.1,2007,1.3
3468,"PERIYAR AT KWA INTAKE0 ALUVA, ERNAKULAM",KERALA,28.1,6.6,7,46,1.3
2300,R PERUVAMBA AT CHANDAPPURA,KERALA,27.3,6.5,6.5,43,0.9
2303,R PULLUR AT PULLUR BR.,KERALA,28.3,6.7,6.3,54,0.9
2290,R PUZHACKAL AT PUZHACKAL BRIDGE,KERALA,29.1,4.3,7.2,113,1.8
2299,R RAMAPURAM AT RAMAPURAM BRIDGE,KERALA,28.7,4.6,6.7,12561,1.5
2305,R SHRIYA AT ANGADIMOGARU,KERALA,28.5,7.7,6.9,61,1.6
2296,R THALLASSERY AT PATHIPPALAM,KERALA,26.6,5.8,6.5,61,1
2292,R THIRUR AT THALAKKADATHUR BRIDGE,KERALA,31,4.5,6.9,1614,2.1
2306,R UPPALA AT  UPPALA BR.,KERALA,30.5,6.9,7.2,20950,1.3
3473,"RIVER VALAPATTANAM AT PARASSINIKADAVU, KANNUR",KERALA,28.8,6.6,7,14487,0.9
1442,"VAMANAPURAM, KERALA",KERALA,25.3,6.9,7.5,54,0.6
1448,"NAGAVALLI AT THOTAPALLI REGULATOR, A.P.",ANDHRA PRADESH,25.9,5.5,7.6,569,1.3
2352,"RIVER VAMSHADHARA, KALINGAPATNAM,VIZIANAGARAM",ANDHRA PRADESH,26.5,5.4,7.8,310,0.8
3080,"U/S OF KARAKAVAGU AT PALONCHA,  KHAMMAM, A.P.",ANDHRA PRADESH,18.9,7.1,7.8,516,0.7
3081,"D/S OF KARAKAVAGU AT PALONCHA,  KHAMMAM, A.P.",ANDHRA PRADESH,20.5,6.9,8,505,0.9
1444,"KALI AT D/S WEST COAST PAPER MILL, KARNATAKA",KARNATAKA,27.1,7.3,7.3,109,2.4
2780,"KALI AT U/S OF WCPM, DANDELI, KARNATAKA",KARNATAKA,26.3,7.5,7.5,83,2.1
1894,KUMARADHARA 0 U/S OF UPPINAGADY TOWN BEFORE CONFLUENCE WITH RIVER NETHRAVATHI,KARNATAKA,29.1,6.4,7.2,102,1
1892,NETRAVATHI U/S OF DHARMASTALA AT WATER SUPPLY INTAKE POINT,KARNATAKA,28.4,6.5,7.1,92,1
2423,"BUDHABALANGA, D/S OF BARIPADA TOWN",ODISHA,24.7,7.7,7.9,232,1.3
2424,BUDHABALANGA AT BALASORE D/S,ODISHA,24.4,7.5,7.8,519,2.1
2425,"RIVER KERANDI(INTAKE WELL OF NALCO REFINARY, HAL, SUNABEDA)",ODISHA,22.7,7.3,7.2,103,0.7
2422,"NAGAVALLI AT PENTA U/S, JAYKAYPUR TOWN",ODISHA,24.8,7.4,7.9,196,0.7
1642,"NAGAVALLI AT JAYKAYPUR D/S, ODISHA",ODISHA,24,7.4,7.8,244,1.9
1643,"NAGAVALLI AT RAYAGADA D/S, ODISHA",ODISHA,22.8,7.5,8,243,1.7
1455,"RUSHIKULYA AT GANJAM U/S, ODISHA",ODISHA,26.8,7.2,8,296,1.5
1456,"RUSHIKULYA AT GANJAM D/S, ODISHA",ODISHA,27.4,6.6,7.8,25034,1.5
2426,VANSADHARA AT MUNIGUDA (D/S OF M/S VEDANTAALUMINA PROJECT),ODISHA,25.3,7.5,7.9,194,1
2427,VANSADHARA ATGUNUPUR (INTERSTATE BOUNDRY),ODISHA,27.1,7.4,7.9,170,0.8
1685,"ARASALAR RIVER KARAIKAL REGION, PONDICHERRY",PONDICHERRY,29,0,7.3,386,0
2444,CORINGA RIVER,PONDICHERRY,25,5.9,7.9,21600,0
2442,GAUTAMI0GODAVARI RIVER,PONDICHERRY,25,6.5,7.3,21600,0
2443,GAUTAMI0GODAVARI RIVER,PONDICHERRY,25,6.5,7.7,26600,0
2445,MAHE RIVER,PONDICHERRY,32,6,7.1,13000,0
1450,"PALAR AT VANIYAMBADI WATER SUPPLY HEAD WORK, TAMILNADU",TAMILNADU,29.3,6.5,7.4,1063,2
1159,"TAMBIRAPARANI AT BDG.NR. MADURA COATS LTD.PAPAVINASAM,TAMILNADU",TAMILNADU,22.8,6.8,6.6,63,2.9
1160,"TAMBIRAPARANI AT CHERANMADEVI,CAUSE WAY,TAMILNADU",TAMILNADU,24.5,6.6,6.4,101,2.5
1161,"TAMBIRAPARANI AT TIRUNELVELI,COLLECTORATE,TAMILNADU.",TAMILNADU,25.5,6.6,6.5,136,2.5
1162,"TAMBIRAPARANI AT MURAPPANADU, TAMILNADU",TAMILNADU,29,6.7,6.9,226,2.2
1328,"TAMBIRAPARANI AT PAPPANKULAM,TAMILNADU",TAMILNADU,23.8,6.7,6.3,72,2.7
1329,"TAMBIRAPARANI AT RAIL BDG. NR. AMBASAMUDAM, TAMILNADU",TAMILNADU,22.8,6.7,6.4,61,4.6
1330,"TAMBIRAPARANI AT ARUMUGANERI, TAMILNADU",TAMILNADU,29,6.6,7.2,1300,2.7
3025,"TAMBIRAPARANI AT ERAL, THOTHUKUDI, TAMILNADU",TAMILNADU,29,6.7,7,461,2.5
3026,"TAMBIRAPARANI AT KALLIDAI KURICHI, TIRUNELVELI, TAMILNADU",TAMILNADU,23,6.6,6.2,69,2.5
3027,"TAMBIRAPARANI AT SRIVAIKUNTAM, D/S OF SK ANAICUT, TIRUNELVELI, TAMILNADU",TAMILNADU,29,6.8,6.9,241,2.5
3028,"TAMBIRAPARANI AT VELLAKOIL, TIRUNELVELI, TAMILNADU",TAMILNADU,25.7,6.5,6.6,159,2.4
3029,"TAMBIRAPARANI AT SIVALAPERI, CONFLUENCE POINT OF KUTTRALAM FALLS, D/S OF PALAYAMKOTTAI, TIRUNELVELI, TAMILNADU",TAMILNADU,25.7,6.6,6.7,170,2.5
3023,"VASISTA AT SALEM, D/S OF SAGO INDUSRIES EFFLUENT, TAMILNADU",TAMILNADU,24.3,0.9,7.6,2039,104.5
1885,RIVER GHAGGAR AT D/S OF SURAJPUR,HARYANA,0,0,0,0,0
1023,"GHAGGAR AT MUBARAKPUR REST HOUSE (PATIALA), PUNJAB",PUNJAB,22.7,5.8,7.2,640,6
1024,"GHAGGAR AT 100M D/S CONF. WITH R. SARASWATI (PATIALA),PUNJAB",PUNJAB,19,4.8,7.6,1090,22
1295,"GHAGGAR NEAR BANKARPUR,DERA BASSI,PUNJAB",PUNJAB,23,5.5,7.3,705,10
1473,"GHAGGAR AT RATANHERI, D/S OF PATIALA NADI (AFTER CONFL.), PUNJAB",PUNJAB,24,5.1,7.4,1375,23.7
1698,"D/S CHHATBIR, PUNJAB",PUNJAB,24.7,5.5,7.4,745,10
1699,"U/S DHAKANSU NALLAH, PUNJAB",PUNJAB,25,5,7.6,975,16.3
1700,"D/S DHAKANSU NALLAH, PUNJAB",PUNJAB,22,4.9,7.7,1385,27.5
1701,"D/S JHARMAL NADI, PUNJAB",PUNJAB,24.3,5,7.3,1067,19.3
1702,"U/S JHARMAL NADI, PUNJAB",PUNJAB,23.3,5.3,7.2,970,13.3
1703,"GHAGGER AT MOONAK, PUNJAB",PUNJAB,19.5,4.9,7.7,1418,21
1704,"D/S SARDULGARH, PUNJAB",PUNJAB,21.5,4.1,7.5,1015,23
1705,"U/S SARDULGARH, PUNJAB",PUNJAB,20,4.8,7.4,854,17
1025,"GHAGGAR GH01 AT ROAD BRDG. SIRSA,DEBWALI ROAD,HARYANA",HARYANA,0,0,8.2,0,19.8
1026,"GHAGGAR GH02 AT CHANDARPUR SYPHON,  HARYANA",HARYANA,0,0,7.9,0,18.2
1718,"GAGGAR RIVER WHEN ENTERING IN RAJASTHAN FROM HARYANA NEAR RD NO. 629, RAJASTHAN",RAJASTHAN,32.6,4,6.8,370,3
1871,"RIVER MARKANDA AT PAONTA, DISTT. SIRMOUR, H.P.",HIMACHAL PRADESH,23.6,7.8,7.8,376,1.3
2624,MARKANDA U/S KALA AMB,HIMACHAL PRADESH,23.9,7.7,7.7,354,1.3
2625,MARKANDA D/S KALA AMB/ BOUNDARY OF HARYANA,HIMACHAL PRADESH,24.5,7.6,7.9,344,1.6
1884,KALA AMB D/S MARKANDA RIVER,HARYANA,0,0,7.2,0,88
1870,"RIVER SUKHANA AT PARWANOO, DISTT. SOLAN, H.P.",HIMACHAL PRADESH,18.1,4.4,7.1,694,41
2947,"RIVER JAWAI AT JAWAI DAM, SIROHI, RAJASTHAN",RAJASTHAN,25.1,5.9,8,401,0.9
1717,"KODRA DAM, MOUNT ABU, RAJASTHAN",RAJASTHAN,22.3,6,7.2,106,0.8
2948,"RIVER BANDI AT HEMAWAS DAM, PALI, RAJASTHAN",RAJASTHAN,23.7,5.6,7.9,326,1.1
2949,"RIVER LUNI AT RANAKPUR DAM, RANAKPUR, PALI, RAJASTHAN",RAJASTHAN,23.9,6.2,8.1,592,1
3383,"BUGI RIVER AT MIBANPARA, SOUTH GARO HILLS",MEGHALAYA,25.5,7.2,7.5,119,2.3
3384,"BUGI RIVER AT DALU, SOUTH GARO HILLS",MEGHALAYA,25.1,7.2,7.5,120,2.3
3380,"DAMRING RIVER (KRISHNEI RIVER) AT RESUBELPARA, EAST GARO HILLS",MEGHALAYA,25.2,7.5,7.3,82,1.8
1632,"GANOL RIVER TURA, MEGHALAYA",MEGHALAYA,23.2,7.5,7.5,111,2.4
1428,"KYRHUKHLA NEAR SUTNGA KHLIERIAT,JAINTIA HILLS DT.,MEGHALAYA",MEGHALAYA,20.1,5.3,3.3,831,7.7
3369,"KYNSHI RIVER AT SOHIONG, WEST KHASI HILLS",MEGHALAYA,18.3,7.2,7.2,56,1.7
3370,"KYNSHI RIVER AT 0GKHNUM, WEST KHASI HILLS",MEGHALAYA,19.3,7.5,7.2,66,1.6
3371,"KYNSHI RIVER AT RANIKOR, WEST KHASI HILLS",MEGHALAYA,24,7.8,7,74,2.3
3375,LUKHA RIVER AT MYNDIHATI (TRIBUTARY OF LUNAR),MEGHALAYA,20.5,6.7,2.7,1350,3.3
3376,LUKHA RIVER AT SUNAPUR (TRIBUTARY OF LUNAR),MEGHALAYA,21.2,7.3,6.6,274,2.5
3381,"MANDA RIVER (DUDHAI RIVER) AT JAMPA, EAST GARO HILLS",MEGHALAYA,26.3,7.4,7.3,67,1.8
3382,"MANDA RIVER (DUDHAI RIVER) AT WAGAISI, EAST GARO HILLS",MEGHALAYA,25.5,7.2,7.4,82,2
3377,"MYNTANG RIVER AT NARTIANG, JAYANTIA HILLS",MEGHALAYA,20,7.3,7.1,55,1.9
3378,"MYNTANG RIVER AT MYNSO, JAYANTIA HILLS",MEGHALAYA,20.3,7.3,7.1,57,2
1631,"MYNTDU RIVER JOWAI, MEGHALAYA",MEGHALAYA,19.4,6.6,7.1,114,2.6
3379,"MYNTDU RIVER AT LESHKA, JAYANTIA HILLS",MEGHALAYA,21,7.3,5.6,56,1.8
3367,"NONBAH RIVER AT 0GSTOIN MARKE, WEST KHASI HILLS",MEGHALAYA,19.2,5.1,7,105,3.6
3368,"NONBAH RIVER AT 0GSTOIN MARKE, WEST KHASI HILLS",MEGHALAYA,18.3,7.3,7.1,51,1.6
3372,"RILANG RIVER AT MAWKYRWAT, WEST KHASI HILLS",MEGHALAYA,19.6,7.7,7.2,50,1.6
1633,"SIMSANG RIVER WILLIAMNAGAR, MEGHALAYA",MEGHALAYA,23.7,7.6,7.3,115,2.1
3353,"UMIAM MAWPHLANG RIVER AT NONGKREM, EAST KHASI HILLS",MEGHALAYA,18.2,6.2,7,81,2.4
3354,"UMIAM MAWPHLANG RIVER AT UMTYNGNGAR, EAST KHASI HILLS",MEGHALAYA,18.8,7.2,7.1,66,1.9
3355,"UMIAM MAWPHLANG RIVER AT MAWPHLANG, EAST KHASI HILLS",MEGHALAYA,18.9,7.4,7.1,57,1.5
3356,"UMIAM MAWPHLANG RIVER AT SHELLA, EAST KHASI HILLS",MEGHALAYA,25.1,7.5,7.4,144,1.7
3350,UMKHEN AT WAHKDAIT,MEGHALAYA,18.8,7.1,7.1,63,1.9
3351,UMKHEN AT KSEHPONGDENG,MEGHALAYA,20.2,7.3,7.2,65,1.9
3352,"UMKHEN RIVER AT DIENGPASOH, EAST KHASI HILLS",MEGHALAYA,20,7.3,7.3,65,2
3359,"UMKHRAH RIVER AT DEMTHRING, SHILLONG",MEGHALAYA,18.5,1.5,6.9,345,33.9
3360,"UMKHRAH RIVER ATUMKALIAR, SHILLONG",MEGHALAYA,18.8,3.9,7.1,233,17
3361,"UMKHRAH RIVER ATMAWLAI, SLAUGHTER",MEGHALAYA,18.3,1,7.2,376,57.2
3362,"UMKHRAH RIVER AT MAWPDANG, MAWLAI",MEGHALAYA,18.5,0.9,7.2,506,61.1
3357,"UMNGOT RIVER AT SMIT, EAST KHASI HILLS",MEGHALAYA,18.2,7.2,7,66,1.9
3358,"UMNGOT RIVER AT DAWKI, EAST KHASI HILLS",MEGHALAYA,22.1,7.7,7.2,62,1.6
3363,"UMSHYRPI RIVER AT RISA COLONY, EAST KHASI HILLS",MEGHALAYA,17.6,7.3,6.9,61,2.2
3364,"UMSHYRPI RIVER AT LAW COLLEGE, DHANKETI, EAST KHASI HILLS",MEGHALAYA,18.7,1.2,7.1,380,45.7
3365,"UMSHYRPI RIVER AT UMSHYRPI BRIDGE, EAST KHASI HILLS",MEGHALAYA,18.7,3.2,7.1,258,23.5
1427,"UMTREW AT BYRNIHAT EAST, MEGHALAYA",MEGHALAYA,23.1,7.2,7.2,124,6.9
3366,"UMTREW RIVER AT UMRAN, RI0 BHOI",MEGHALAYA,22.6,7.2,7.1,65,2.1
3373,"WAH BLEI AT RIANGDO, WEST KHASI HILLS",MEGHALAYA,20,7.5,7.3,64,1.9
3374,"WAH BLEI AT SHDADDKHAR, WEST KHASI HILLS",MEGHALAYA,19.9,7.6,7.3,65,1.9
2050,TLAWNG UPSTREAM AIZAWL,MIZORAM,24.5,7.1,7.3,269,1.4
2051,TLAWNG DOWNSTREAM AIZAWL,MIZORAM,24.4,7.2,7.3,275,1.5
2052,TUIRIAL UPPER CATCHMENT,MIZORAM,23.6,6.9,7.1,186,1.6
2053,TUIRIAL LOWER CATCHMENT,MIZORAM,23.5,6.8,7.1,201,1.4
1403,"GUMTI AT U/S SOUTH TRIPURA,TRIPURA",TRIPURA,27.3,6.2,7.8,165,2.1
1404,"GUMTI AT D/S SOUTH TRIPURA, TRIPURA",TRIPURA,29.1,6.4,7.8,158,4.1
1726,"CHANDRAPUR, AGARTALA D/S OF HAORA RIVER, TRIPURA",TRIPURA,26.6,6.6,7.9,210,4.2
2,"DAMANGANGA AT D/S OF MADHUBAN, DAMAN",DAMAN & DIU,0,0,0,208,0
1150,"DAMANGANGA AT KACHIGAON U\S AT GIDC WIER,GUJARAT",GUJARAT,27.1,7.3,7.9,693,0.5
1246,"DAMANGANGA AT KACHIGAON D\S (DAMAN), GUJARAT",GUJARAT,27.3,5,7.6,1676,1.8
1865,RIVER DHADAR AT KOTHADA,GUJARAT,0,0,0,506,0
1434,"AMLAKHADI AFTER CONFL. OF W. WATER FROM ANKLESH,GUJARAT",GUJARAT,24.5,6,7.7,1863,8.6
1980,AMLAKHADI AT PUNGAM ANKLESHWAR DISTT BHARUCH,GUJARAT,0,0,0,24300,0
1149,"KOLAK AT PATALIA BDG., GUJARAT",GUJARAT,27.5,5.3,7.8,817,2.8
1436,"BHADAR V/S JETPUR VILL. A/C OF W. WATER FROM JETPUR CITY, GUJARAT",GUJARAT,28.3,4.3,7.8,2307,103.8
1860,BALEHWAR KHADI AT N.H. NO 8,GUJARAT,28.4,4.5,8.3,1287,1.5
2082,TRIVENI SANGAM,GUJARAT,0,0,0,0,0
1148,"AMBIKA AT BILIMORA, GUJARAT",GUJARAT,27.6,6.8,8.2,1862,2.5
3205,"UPSTREAM OF RIVER VISHWAMITRI AT ASOD BRIDGE AT N.H. 8 , NEAR GLDEN CHOKDI, ASOD VEMALI ROAD",GUJARAT,0,5,8,0,0.7
3204,"DOWNSTREAM OF RIVER VISHWAMITRI AT KHALIPUR VILLAGE, BEFORE MEETING JAMBUVA RIVER",GUJARAT,0,3,7.7,0,0.4
1862,KAVERI ON BRIDGE AT BILLIMORA0VALSAD ROAD,GUJARAT,27,6.7,8.1,2520,7.2
2072,RIVER BHOGAVO D/S OF SURENDRANAGAR,GUJARAT,29,8.2,8.4,606,2.9
0,0,0,0,0,0,0,0
1399,"ZUARI AT D/S OF PT. WHERE KUMBARJRIA CANAL JOINS, GOA",GOA,30,5.6,7.5,41,2
1475,ZUARI AT PANCHAWADI,GOA,30.4,5.5,6.7,209,0.8
3181,RIVER ZUARI AT BORIM BRIDGE,GOA,30.8,5.5,7.1,123,1.5
3182,RIVER ZUARI AT MARCAIM JETTY,GOA,30.3,5.3,7.3,182,1.5
1400,"MANDOVI AT NEGHBOURHOOD OF PANAJI, GOA",GOA,30.1,6,7.6,100,1.2
1476,"MANDOVI AT TONCA, MARCELA, GOA",GOA,29.9,5.7,6.9,111,1
3185,RIVER MANDOVI AT AMONA BRIDGE,GOA,29.1,6.4,7.1,140,1.1
3186,RIVER MANDOVI AT IFFI JETTY,GOA,29.9,6.2,7.8,44,2
3187,RIVER MANDOVI NEAR HOTEL MARRIOT,GOA,29.8,6.1,7.6,43,1.8
1543,"RIVER KALNA AT CHANDEL0 PERNEM, GOA",GOA,27.9,7,6.9,64,1.1
1548,"RIVER ASSONORA AT ASSONORA, GOA",GOA,28.2,6.6,6.5,62,1
2276,"RIVER BICHOLIM VARAZAN NAGAR , BICHOLIM",GOA,29.6,7,6.8,304,2
2275,"RIVER CHAPORA NEAR ALORNA FORT ,PERNEM",GOA,28.8,7,7,55,1.2
3189,RIVER CHAPORA AT SIOLIM,GOA,29.5,6.3,7.6,213,1.5
1546,"RIVER KHANDEPAR AT OPA 0 PONDA, GOA",GOA,29.8,6.7,6.8,83,1.2
2270,"RIVER KHANDEPAR AT CODLI NEAR BRIDGE ,U/S OPA WATERWORKS,SANGUEM",GOA,29.7,7.1,6.6,76,1
2272,"RIVER KUSHAWATI NEAR BUND AT KEVONA,RIVON,SANGUEM",GOA,28.7,6.7,6.6,107,1.3
1545,"RIVER MADAI AT DABOS 0  VALPOI, GOA",GOA,27.9,7.2,6.7,89,0.9
2274,RIVER MAPUSA ON CULVERT ON HIGHWAY MAPUSA0PANAJI,GOA,29.3,4.2,6.7,192,2
2271,"RIVER SAL PAZORKHONI,CUNCOLIM(NEAR CULVERT MARGAO0 CANACONA NATIONAL HIGHWAY)",GOA,28.6,6.3,6.6,79,1.6
2273,"RIVER SAL NEAR HOTEL LEELA MOBOR,CAVELOSSIM",GOA,29.8,5.6,7.7,142,1.7
3183,"RIVER SAL AT KHAREBAND, MARGAO",GOA,28.6,2.8,6.4,424,3.2
3184,"RIVER SAL AT ORLIM BRIDGE, ORLIM",GOA,30.6,5.2,7.1,306,2.6
3190,RIVER SINQUERIM (CANDOLIM SIDE NEAR BRIDGE),GOA,30.3,5.6,7.7,40,1.5
3191,RIVER SINQUERIM NEAR NERUL TEMPLE,GOA,30.4,5.5,7.7,40,1.5
1547,"RIVER TALPONA AT CANACONA, GOA",GOA,29.6,6.9,6.7,63,0.9
3188,RIVER TIRACOL AT TIRACOL,GOA,29.6,6.3,7.6,227,1.7
1544,"RIVER VALVANT AT SANKLI 0 BICHOLIM, GOA",GOA,29.5,7.1,6.6,68,1.1
2651,"AMBA RIVER AT D/S OF WAKEN BRIDGE0U/S OF JS PETROCHEMICALS, WAKENPHATA, ROHA",MAHARASHTRA,26.7,6.9,7.7,121,3.3
1461,"BHATSA AT D/S OF PISE DAM NEAR PISE VILLAGE (ULHAS), MAHARASHTRA",MAHARASHTRA,29.3,7.2,8.2,112,3.3
2653,"BHATSA RIVER AT D/S OF LIBERTY OIL MILLS, SATNEL, SHAHAPUR, THANE",MAHARASHTRA,28,6.9,7.7,103,3.7
2654,"BHATSA RIVER AT U/S OF LIBERTY OIL MILLS, SATNEL, SHAHAPUR, THANE",MAHARASHTRA,28.2,6.9,7.6,104,3.5
1092,"KALU AT ATALE VILLAGE, MAHARASHTRA",MAHARASHTRA,26.5,6.4,7.4,1003,4.3
2670,"KAN RIVER, NEAR SAKRI WATER WORKS, SAKRI, DHULE.",MAHARASHTRA,20.7,6.3,8.3,408,2.7
1152,"KUNDALIKA AT ROHA CITY, MAHARASHTRA",MAHARASHTRA,27.2,6.7,7.8,105,3.6
2198,KUNDALIKA RIVER AT ARE KHURD ( SALINE ZONE ),MAHARASHTRA,27.5,6.3,7.6,209,4.4
2671,"KUNDALIKA RIVER NEAR SALAV BRIDGE (SALINA ZONE), SALAV, ROHA, RAIGAD",MAHARASHTRA,26,5.9,7.6,13768,5
2672,"KUNDALIKA RIVER AT DHATAV AT JACKWELL (DRINKING WATER  PUMPING STATION0SWEET ZONE), ROHA",MAHARASHTRA,26.5,7.3,7.7,86,3.2
2168,MITHI RIVER,MAHARASHTRA,27,3.6,7.4,6487,30.5
2676,"MUCHKUNDI RIVER AT  WAKED,RATNAGIRI, NEAR M/S ASAHI INDIA GLASS LTD., LANJA, RATNAGIRI.",MAHARASHTRA,27.3,6.3,8.3,999,3.3
1151,"PATALGANGA AT SHILPHATA, MAHARASHTRA",MAHARASHTRA,28.7,7.2,7.7,125,3.3
1462,"PATALGANGA NEAR INTAKE OF MIDC W/W, MAHARASHTRA",MAHARASHTRA,28.4,7.1,7.5,127,3.4
2685,"PATALGANGA RIVER AT D/S OF KHARPADA BRIDGE, RAIGAD.",MAHARASHTRA,28.7,7.1,7.4,5300,38
2686,"PATALGANGA RIVER AT VYAL PUMP HOUSE , KHALAPUR, RAIGAD.",MAHARASHTRA,28.7,7.2,7.6,127,3.2
2687,"PATALGANGA RIVER AT KHALAPUR PUMPING STATION, KHALAPUR, RAIGAD.",MAHARASHTRA,28.7,7,7.6,126,3.3
2688,"PATALGANGA RIVER AT SAVROLI BRIDGE, KHALAPUR, RAIGAD.",MAHARASHTRA,28.7,7.2,7.6,126,3.4
2689,"PATALGANGA RIVER AT GAGANGIRI MAHARAJ TEMPLE, KHOPOLI, RAIGAD.",MAHARASHTRA,28.7,7.1,7.8,112,3.2
2199,SAVITRI RIVER AT OVALE VILLAGE.,MAHARASHTRA,29.3,6.8,7.7,9590,3.6
2701,"SAVITRI RIVER JACKWELL AT UPSA KENDRE, 0GALWADI, MAHAD, RAIGAD",MAHARASHTRA,28.3,6.8,7.4,174,3.7
2702,"SAVITRI RIVER AT SHEDAV DOH, MAHAD,RAIGAD",MAHARASHTRA,28.7,6.8,7.6,2572,3.3
2703,"SAVITRI RIVER AT DADLI BRIDGE, DADLI, MAHAD, RAIGADH",MAHARASHTRA,29.2,6.7,7.8,6030,4.4
2704,"SAVITRI RIVER AT MUTHAVALI VILLAGE, MAHAD, RAIGADH",MAHARASHTRA,28.7,6.8,7.7,7207,3.9
2706,"SURYA RIVER, U/S OF SURYA DAM, DHAMMI, VIKRAMGAD, THANE",MAHARASHTRA,27.2,6.8,8.1,167,3.8
2707,"SURYA RIVER AT MIDC PUMPING STATION, GARVASHET, PALGHAR, THANE",MAHARASHTRA,27.2,6.8,8,173,3.5
2708,"SURYA RIVER AT INTAKE OF VASAI0VIRAR W/S SCHEME, MASVAN, PALGHAR, THANE",MAHARASHTRA,27.2,7,8,168,3.6
2709,"TANSA RIVER NEAR ROAD BRIDGE, VILLAGE DAKEWALI, WADA, THANE",MAHARASHTRA,28,6.9,7.9,131,3.5
1094,"ULHAS AT U/S OF BADLAPUR, MAHARASHTRA",MAHARASHTRA,26.2,7,7.6,125,3.5
2162,ULHAS RIVER ATJAMBHUL WATER WORKS.,MAHARASHTRA,26.2,7.2,7.5,132,3.3
2712,"VAITARNA RIVER NEAR ROAD BRIDGE, GANDHARE VILLAGE, WADA, THANE.",MAHARASHTRA,28.2,7.2,7.7,119,3.3
2164,VASHISTI RIVER AT U/S OF THREE M PAPER MILLS NEAR M/S MULTIFILMS PLASTIC PVT. LTD. AT KHERDI.,MAHARASHTRA,24.5,6.9,7.5,159,2.8
2713,"VASHISHTI RIVER AT D/S OF THREE M PAPER MILLS NEAR CHIPLUN WATER INTAKE JACKWELL, KHERDI, RATNAGIRI",MAHARASHTRA,24.5,6.7,7.7,141,3.3
2714,"VASHISHTI RIVER AT U/S OF POPHALI NEAR KONPHANSAWANE BRIDGE, CHIPLUN, RATNAGIRI",MAHARASHTRA,24.5,7.3,7.7,132,2.9
1342,"ACHENKOIL AT THUMPAMON, KERALA",KERALA,24,6.4,7.3,76,1.7
1443,"ACHENKOIL AT CHENNITHULA, KERALA",KERALA,24.9,6,7.1,85,1.7
3465,"ACHENKOIL AT KALLARAKADAVU, PATHANAMTHITTA",KERALA,24.3,6.3,7.1,69,1.3
3466,"ACHENKOIL AT PANDALAM (NEAR AYYAPPA TEMPLE), PATHANAMTHITTA",KERALA,24.8,6.5,7.3,76,1.6
2297,R ANCHARAKANDY AT MERUVAMBA,KERALA,26.4,6.7,6.6,60,1.2
2319,R ANCHARAKANDY AT MERUVAMBA,KERALA,27,7,6.6,3544,1.5
2286,R AYROOR AT AYROOR BRIDGE,KERALA,26.6,6.7,7.3,51,0.8
2331,R BHARATHAPUZHA AT KUTTIPPURAM,KERALA,28.6,6.9,7.7,107,0.7
2332,R BHARATHAPUZHA AT PATTAMBI,KERALA,28.8,6.7,7.9,173,0.9
1154,"CHALAKUDY AT PULICKALKA0DAVU, KERALA",KERALA,28,5.6,6.9,126,1.2
20,"CHALIYAR AT KOOLIMADU, KERALA",KERALA,27.4,7.3,7.4,70,0.8
21,"CHALIYAR AT CHUNGAPALLY, KERALA",KERALA,27.5,6.9,7.4,12754,0.8
3464,"CHALIYAR AT NILAMBUR, MALAPPURAM",KERALA,26.8,7.1,7.4,80,0.6
1572,"CHANDRAGIRI AT PADIYATHADKA, KERALA",KERALA,30,7.2,6.9,62,1.3
1573,"CHITRAPUZHA AT IRUMPANAM, KERALA",KERALA,28.8,3.4,6.7,2965,2.3
2295,R CORAPUZHA AT KANAYANKODE,KERALA,27.4,6.1,7.2,15871,0.9
1564,"R ITHIKKARA AT AYUR, KERALA",KERALA,24.8,6.4,7.2,120,1.9
2287,R ITHIKKARA AT ITHIKKARA,KERALA,23.6,6.2,7.2,7448,2
1566,"R KADALUNDI AT THIRURANGADY, KERALA",KERALA,29.8,6.6,6.9,77,1.6
2293,R KADALUNDI AT HAJIRAPPALLY,KERALA,30.2,6.8,7,72,1.7
2337,R KADAMBAYAR AT BRAHMAPURAM,KERALA,28.2,2.9,6.7,305,2.2
2338,R KADAMBAYAR AT MANCKAKADAVU,KERALA,27.7,3,6.6,86,2
42,"KALLADA AT PERUMTHOTTAMKADAVU, PUNALOOR, KERALA",KERALA,23.9,6.7,7.1,79,1.6
2294,R KALLAI AT KALLAI BRIDGE,KERALA,27.4,3.6,7.3,32790,2.6
3460,"KALPATHI PUZHA AT KALPATHI, PALAKKAD",KERALA,27.8,6.1,7.8,2905,1.3
3458,KARAPUZHA DAM AT WAYANAD,KERALA,26.4,6.9,7.4,112,0.5
1571,"R KARINGODE AT KAKKADAVU,  KERALA",KERALA,29.6,7,6.9,51,1.1
1155,"KARAMANA AT MOONNATTUMUKKU, KERALA",KERALA,27,3.1,7.2,1416,13.2
3471,"RIVER KARAMANA AT ARUVIKARA, THIRUVA0THAPURAM",KERALA,26.3,7,7.1,30,0.5
2289,R KARUVANNURR AT KARUVANNUR BRIDGE,KERALA,30,6.1,7,59,1.8
2301,R KAVVAI AT KUTTIYOL PALAM,KERALA,28,6,6.4,61,2.1
2291,R KEECHERI AT VADAKKANCHERY BRIDGE,KERALA,30.1,6.3,7,105,2.8
2326,R KORAYAR AT KANJIKODE,KERALA,27.9,6.9,8.1,502,0.9
1569,"R KUPPAM AT THALIPARAMBA, KERALA",KERALA,27,5.9,6.7,14662,1.5
2298,R KUPPAM AT RAYAROM,KERALA,26,7.8,6.8,49,1.4
1567,"R KUTTIYADE AT KUTTIYADY ESTATE, KERALA",KERALA,27.7,7.1,7.4,380,1
1568,"R MAHE AT VALAYAM, KERALA",KERALA,27.1,7.3,7.2,67,0.9
2285,R MAMOM AT MAMOM BRIDGE,KERALA,26.5,6.2,7.2,51,0.8
1340,"MANIMALA  AT KALLOOPARA, KERALA",KERALA,28.5,7.2,6.8,69,1.2
1384,"MANIMALA AT THONDRA, KERALA",KERALA,28.7,6.9,6.7,75,2.5
3459,"MANIYANKODE PUZHA AT MANIYANKODE BRIDGE, WAYANAD",KERALA,25.7,6.3,7.4,113,0.6
2307,R MANJESWAR AT BAJRAKKARA BR.,KERALA,29.3,7.6,6.8,79,1.6
1339,"MEENACHIL AT KIDANGOOR, KERALA",KERALA,27,7,7.2,57,0.6
2304,R MOGRAL AT MOGRAL BR.,KERALA,30.9,5.9,7,22576,1.5
43,"MUVATTAPUZHA AT VETTIKKATTUMUKKU, KERALA",KERALA,27.1,6.8,7.2,105,0.6
2302,R NEELASWARAM AT NAMBIARKAL DAM,KERALA,30.3,6.3,6.7,2315,1.3
1570,"R NEELESWARAM AT HOSDURG, KERALA",KERALA,30.4,6.4,6.9,18569,1
1563,"R NEYYAR AT AMARAVILA, KERALA",KERALA,26.2,6.6,7.3,45,0.6
2284,R NEYYAR AT ARUVIPURAM,KERALA,26.2,6.9,7.2,42,0.5
2288,R PALLICKAL AT NELLIMUKAL,KERALA,25.1,6,7.3,92,1.7
1156,"PAMBA AT CHENGANNUR, KERALA",KERALA,27.4,6.1,7.2,59,0.7
1341,"PAMBA AT THAKAZHY, KERALA",KERALA,28.1,4.5,6.9,1190,0.7
1565,"PAMBA DOWN, KERALA",KERALA,28.3,4.2,7,69,0.6
17,"PERIYAR NEAR ALWAYE0ELOOR, KERALA",KERALA,28.2,6,7,5569,2.2
18,"PERIYAR AT KALADY, KERALA",KERALA,27.2,7.3,7,34,1
1338,"PERIYAR AT SEWAGE DISCHARGE POINT, KERALA",KERALA,27.4,6.3,7,44,1.6
2333,RIVER PERIYAR AT MUPPATHADAM,KERALA,28.2,6.4,7.2,49,1.4
2334,RIVER PERIYAR AT PATHALAM,KERALA,27.9,5.9,7,3272,2.2
2335,R PERIYAR AT KALAMASSERY,KERALA,27.3,4.6,7,65,1.7
2336,R PERIYAR AT PURAPPALLIKAVU,KERALA,28.2,6.5,6.9,4650,2
3468,"PERIYAR AT KWA INTAKE0 ALUVA, ERNAKULAM",KERALA,28.2,6.5,7,42,1.4
2300,R PERUVAMBA AT CHANDAPPURA,KERALA,26.7,6.4,6.4,45,1.2
2303,R PULLUR AT PULLUR BR.,KERALA,28,6,6.1,56,1.2
2290,R PUZHACKAL AT PUZHACKAL BRIDGE,KERALA,29.7,5.3,6.8,99,2.8
2299,R RAMAPURAM AT RAMAPURAM BRIDGE,KERALA,28.2,3.6,6.5,22131,1.8
2305,R SHRIYA AT ANGADIMOGARU,KERALA,28.9,6.9,6.7,66,1.8
2296,R THALLASSERY AT PATHIPPALAM,KERALA,26.4,6,6.6,67,1.5
2292,R THIRUR AT THALAKKADATHUR BRIDGE,KERALA,30,4.9,6.8,9107,1.6
2306,R UPPALA AT  UPPALA BR.,KERALA,30.8,6.3,7,18931,1.4
3473,"RIVER VALAPATTANAM AT PARASSINIKADAVU, KANNUR",KERALA,27.8,6.6,6.8,15525,1.1
1442,"VAMANAPURAM, KERALA",KERALA,26.7,7.1,7.5,46,0.8
1448,"NAGAVALLI AT THOTAPALLI REGULATOR, A.P.",ANDHRA PRADESH,27,6,7.3,432,1.2
2352,"RIVER VAMSHADHARA, KALINGAPATNAM,VIZIANAGARAM",ANDHRA PRADESH,26.8,6.1,7.7,328,1.2
3080,"U/S OF KARAKAVAGU AT PALONCHA,  KHAMMAM, A.P.",ANDHRA PRADESH,19,5.8,7.8,707,0.6
3081,"D/S OF KARAKAVAGU AT PALONCHA,  KHAMMAM, A.P.",ANDHRA PRADESH,21.4,6.1,8,674,0.9
1444,"KALI AT D/S WEST COAST PAPER MILL, KARNATAKA",KARNATAKA,27.1,7.3,7.3,164,2.3
2780,"KALI AT U/S OF WCPM, DANDELI, KARNATAKA",KARNATAKA,26.3,7.6,7.4,122,2.4
1894,KUMARADHARA 0 U/S OF UPPINAGADY TOWN BEFORE CONFLUENCE WITH RIVER NETHRAVATHI,KARNATAKA,28.3,6.5,7.1,95,1
1892,NETRAVATHI U/S OF DHARMASTALA AT WATER SUPPLY INTAKE POINT,KARNATAKA,27.9,6.5,7.1,56,1
2423,"BUDHABALANGA, D/S OF BARIPADA TOWN",ORISSA,23.4,7.5,7.8,237,1.4
2424,BUDHABALANGA AT BALASORE D/S,ORISSA,23.5,7.6,7.6,3688,2.3
2425,"RIVER KERANDI(INTAKE WELL OF NALCO REFINARY, HAL, SUNABEDA)",ORISSA,22.4,7.3,7.5,82,1.2
2422,"NAGAVALLI AT PENTA U/S, JAYKAYPUR TOWN",ORISSA,26.8,7.5,8,202,1.4
1642,"NAGAVALLI AT JAYKAYPUR D/S, ORISSA",ORISSA,26.5,7.3,7.9,232,2.9
1643,"NAGAVALLI AT RAYAGADA D/S, ORISSA",ORISSA,22,7.4,7.9,246,2.3
1455,"RUSHIKULYA AT GANJAM U/S, ORISSA",ORISSA,27.6,6.9,8.1,3960,2
1456,"RUSHIKULYA AT GANJAM D/S, ORISSA",ORISSA,26.8,7,8,28222,1.8
2426,VANSADHARA AT MUNIGUDA (D/S OF M/S VEDANTAALUMINA PROJECT),ORISSA,25.6,7.2,7.8,201,1.3
2427,VANSADHARA ATGUNUPUR (INTERSTATE BOUNDRY),ORISSA,26.5,7.3,8,221,1.2
1685,"ARASALAR RIVER KARAIKAL REGION, PONDICHERRY",PONDICHERRY,24,0,7.8,0,1
2442,GAUTAMI0GODAVARI RIVER,PONDICHERRY,28,8,7.7,401,0
2443,GAUTAMI0GODAVARI RIVER,PONDICHERRY,28,8,8.2,1886,4
2444,CORINGA RIVER,PONDICHERRY,28,7,8.2,742,5
2445,MAHE RIVER,PONDICHERRY,27,7,6.4,149,4
1450,"PALAR AT VANIYAMBADI WATER SUPPLY HEAD WORK, TAMILNADU",TAMILNADU,27.8,6.7,7.5,1088,1.7
1159,"TAMBIRAPARANI AT BDG.NR. MADURA COATS LTD.PAPAVINASAM,TAMILNADU",TAMILNADU,23.4,7.2,6.5,73,3.1
1160,"TAMBIRAPARANI AT CHERANMADEVI,CAUSE WAY,TAMILNADU",TAMILNADU,25.4,6.7,6.3,98,3.3
1161,"TAMBIRAPARANI AT TIRUNELVELI,COLLECTORATE,TAMILNADU.",TAMILNADU,26.3,6.3,6.5,143,4
1162,"TAMBIRAPARANI AT MURAPPANADU, TAMILNADU",TAMILNADU,29,6.6,6.9,260,5.4
1328,"TAMBIRAPARANI AT PAPPANKULAM,TAMILNADU",TAMILNADU,24.6,7.1,6.3,71,3.5
1329,"TAMBIRAPARANI AT RAIL BDG. NR. AMBASAMUDAM, TAMILNADU",TAMILNADU,23.5,6.9,6.3,65,3.5
1330,"TAMBIRAPARANI AT ARUMUGANERI, TAMILNADU",TAMILNADU,29,7.3,7.1,607,3.6
3025,"TAMBIRAPARANI AT ERAL, THOTHUKUDI, TAMILNADU",TAMILNADU,27,6.1,7,446,5.2
3026,"TAMBIRAPARANI AT KALLIDAI KURICHI, TIRUNELVELI, TAMILNADU",TAMILNADU,24,6.9,6.4,94,3.2
3027,"TAMBIRAPARANI AT SRIVAIKUNTAM, D/S OF SK ANAICUT, TIRUNELVELI, TAMILNADU",TAMILNADU,28.7,6.8,6.8,451,9.4
3028,"TAMBIRAPARANI AT VELLAKOIL, TIRUNELVELI, TAMILNADU",TAMILNADU,26.3,6,6.6,169,3.9
3029,"TAMBIRAPARANI AT SIVALAPERI, CONFLUENCE POINT OF KUTTRALAM FALLS, D/S OF PALAYAMKOTTAI, TIRUNELVELI, TAMILNADU",TAMILNADU,25.7,6.5,6.7,187,3.3
3023,"VASISTA AT SALEM, D/S OF SAGO INDUSRIES EFFLUENT, TAMILNADU",TAMILNADU,26.8,3.4,7.8,2577,164.9
0,0,0,0,0,0,0,0
1023,"GHAGGAR AT MUBARAKPUR REST HOUSE (PATIALA), PUNJAB",PUNJAB,23.3,5.5,7.2,636,9.7
1024,"GHAGGAR AT 100M D/S CONF. WITH R. SARASWATI (PATIALA),PUNJAB",PUNJAB,22.8,4.7,7.3,1088,23.8
1295,"GHAGGAR NEAR BANKARPUR,DERA BASSI,PUNJAB",PUNJAB,23.3,5.3,7.2,689,11.3
1473,"GHAGGAR AT RATANHERI, D/S OF PATIALA NADI (AFTER CONFL.), PUNJAB",PUNJAB,21.8,4.9,7.3,1267,23.5
1698,"D/S CHHATBIR, PUNJAB",PUNJAB,24.3,5.3,7.4,852,13
1699,"U/S DHAKANSU NALLAH, PUNJAB",PUNJAB,23.5,4.9,7.5,977,16.5
1700,"D/S DHAKANSU NALLAH, PUNJAB",PUNJAB,24,4.4,7.4,1256,24.8
1701,"D/S JHARMAL NADI, PUNJAB",PUNJAB,23.5,4.8,7.2,1021,20.3
1702,"U/S JHARMAL NADI, PUNJAB",PUNJAB,23.3,5.1,7.3,971,14.8
1703,"GHAGGER AT MOONAK, PUNJAB",PUNJAB,22.5,4.6,7.4,1284,24.3
1704,"D/S SARDULGARH, PUNJAB",PUNJAB,26,4,7.4,1096,26
1705,"U/S SARDULGARH, PUNJAB",PUNJAB,25.8,4.4,7.3,1002,21.5
1025,"GHAGGAR GH01 AT ROAD BRDG. SIRSA,DEBWALI ROAD,HARYANA",HARYANA,0,0,6.9,910,13
1026,"GHAGGAR GH02 AT CHANDARPUR SYPHON,  HARYANA",HARYANA,0,0,6.5,930,15
1884,RIVER GHAGGAR AT D/S OF SURAJPUR,HARYANA,0,5,7.3,0,33.9
1887,GHAGGAR BEFORE OTTU WEIR (BEFORE MIXING OF SATLUJ CANAL WATER) (HARYANA),HARYANA,0,0,6.7,960,18
1718,"GAGGAR RIVER WHEN ENTERING IN RAJASTHAN FROM HARYANA NEAR RD NO. 629, RAJASTHAN",RAJASTHAN,30.7,4.8,7.6,295,0.8
1871,"RIVER MARKANDA AT PAONTA, DISTT. SIRMOUR, H.P.",HIMACHAL PRADESH,20.3,7.1,7.5,293,1.3
2624,MARKANDA U/S KALA AMB,HIMACHAL PRADESH,20.7,7.1,7.5,316,1.4
2625,MARKANDA D/S KALA AMB/ BOUNDARY OF HARYANA,HIMACHAL PRADESH,20.8,6.6,7.5,274,1.6
1870,"RIVER SUKHANA AT PARWANOO, DISTT. SOLAN, H.P.",HIMACHAL PRADESH,20.6,4.9,7.4,407,16.3
2947,"RIVER JAWAI AT JAWAI DAM, SIROHI, RAJASTHAN",RAJASTHAN,28,4.9,8.3,603,1
1717,"KODRA DAM, MOUNT ABU, RAJASTHAN",RAJASTHAN,23.4,5.5,7.4,138,0.8
2948,"RIVER BANDI AT HEMAWAS DAM, PALI, RAJASTHAN",RAJASTHAN,25.3,5.5,8.1,625,1.1
1719,"GAGGAR RIVER D/S HANUMANGARH NEAR 2 KNJ NAI ABADI, MAKKASR, RAJASTHAN",RAJASTHAN,31.1,5,7.3,305,1.7
2949,"RIVER LUNI AT RANAKPUR DAM, RANAKPUR, PALI, RAJASTHAN",RAJASTHAN,26.3,5.6,8.1,552,1.1
3305,"RIVER BANJAR AT MALANJKHAND NEAR W/S INTAKE POINT, JABALPUR",MADHYA PRADESH,22,7.3,7.3,402,2.1
3383,"BUGI RIVER AT MIBANPARA, SOUTH GARO HILLS",MEGHALAYA,24.4,7.2,7.3,99,2.2
3384,"BUGI RIVER AT DALU, SOUTH GARO HILLS",MEGHALAYA,23.7,7.2,7.4,102,2.2
3380,"DAMRING RIVER (KRISHNEI RIVER) AT RESUBELPARA, EAST GARO HILLS",MEGHALAYA,24.6,7.6,7.2,72,1.8
1632,"GANOL RIVER TURA, MEGHALAYA",MEGHALAYA,23.1,7.1,7.5,131,2.2
1428,"KYRHUKHLA NEAR SUTNGA KHLIERIAT,JAINTIA HILLS DT.,MEGHALAYA",MEGHALAYA,21.7,5.2,2.9,682,7.8
3369,"KYNSHI RIVER AT SOHIONG, WEST KHASI HILLS",MEGHALAYA,18.2,7.3,7.1,47,1.3
3370,"KYNSHI RIVER AT 0GKHNUM, WEST KHASI HILLS",MEGHALAYA,18.8,7.6,7.2,52,1.2
3371,"KYNSHI RIVER AT RANIKOR, WEST KHASI HILLS",MEGHALAYA,23.8,8,6.9,64,1.8
3372,RILANG RIVER,MEGHALAYA,17.8,7.9,7.3,46,1.4
3373,WAH BLEI,MEGHALAYA,18.7,7.4,7.2,53,1.9
3374,WAH BLEI,MEGHALAYA,18.8,7.7,7.2,55,1.6
3375,LUKHA RIVER,MEGHALAYA,21.3,6.8,2.7,1074,3.2
3376,LUKHA RIVER,MEGHALAYA,22.6,7.1,6.5,237,3.8
3381,"MANDA RIVER (DUDHAI RIVER) AT JAMPA, EAST GARO HILLS",MEGHALAYA,25.2,7.8,7.2,50,1.6
3382,"MANDA RIVER (DUDHAI RIVER) AT WAGAISI, EAST GARO HILLS",MEGHALAYA,24.8,7.3,7.3,71,2
3377,"MYNTANG RIVER AT NARTIANG, JAYANTIA HILLS",MEGHALAYA,19.9,7.3,7,91,1.8
3378,"MYNTANG RIVER AT MYNSO, JAYANTIA HILLS",MEGHALAYA,20.7,7.4,7.1,49,1.7
1631,"MYNTDU RIVER JOWAI, MEGHALAYA",MEGHALAYA,20.6,6.5,7.1,99,2.7
3379,"MYNTDU RIVER AT LESHKA, JAYANTIA HILLS",MEGHALAYA,21.5,7.5,5.7,50,1.5
3367,"NONBAH RIVER AT 0GSTOIN MARKE, WEST KHASI HILLS",MEGHALAYA,17.7,5.8,6.9,68,3.1
3368,"NONBAH RIVER AT 0GSTOIN MARKE, WEST KHASI HILLS",MEGHALAYA,17.9,6.9,7.2,44,1.4
1633,"SIMSANG RIVER WILLIAMNAGAR, MEGHALAYA",MEGHALAYA,23.9,7.8,7.3,93,1.9
3353,"UMIAM MAWPHLANG RIVER AT NONGKREM, EAST KHASI HILLS",MEGHALAYA,18,6.6,7,66,2.3
3354,"UMIAM MAWPHLANG RIVER AT UMTYNGNGAR, EAST KHASI HILLS",MEGHALAYA,18.4,7.6,7.1,53,1.7
3355,"UMIAM MAWPHLANG RIVER AT MAWPHLANG, EAST KHASI HILLS",MEGHALAYA,18.8,7.8,7,47,1.4
3356,"UMIAM MAWPHLANG RIVER AT SHELLA, EAST KHASI HILLS",MEGHALAYA,24.8,7.7,7.4,128,1.6
3350,UMKHEN AT WAHKDAIT,MEGHALAYA,19.3,7.1,7,54,1.8
3351,UMKHEN AT KSEHPONGDENG,MEGHALAYA,20.6,7.4,7,69,1.6
3352,"UMKHEN RIVER AT DIENGPASOH, EAST KHASI HILLS",MEGHALAYA,20.7,7.5,7.2,58,1.6
3359,"UMKHRAH RIVER AT DEMTHRING, SHILLONG",MEGHALAYA,18.4,3.1,7.2,401,21.8
3360,"UMKHRAH RIVER ATUMKALIAR, SHILLONG",MEGHALAYA,19.1,4.7,7.2,202,13.6
3361,"UMKHRAH RIVER ATMAWLAI, SLAUGHTER",MEGHALAYA,19.7,2.1,7.2,303,37.2
3362,"UMKHRAH RIVER AT MAWPDANG, MAWLAI",MEGHALAYA,20.1,1.8,7.2,394,40.6
3357,"UMNGOT RIVER AT SMIT, EAST KHASI HILLS",MEGHALAYA,17.6,7.2,6.9,55,1.7
3358,"UMNGOT RIVER AT DAWKI, EAST KHASI HILLS",MEGHALAYA,22.7,7.9,7.1,55,1.2
3363,"UMSHYRPI RIVER AT RISA COLONY, EAST KHASI HILLS",MEGHALAYA,17.9,6.9,6.9,52,2.2
3364,"UMSHYRPI RIVER AT LAW COLLEGE, DHANKETI, EAST KHASI HILLS",MEGHALAYA,18.9,1.9,7,306,34.2
3365,"UMSHYRPI RIVER AT UMSHYRPI BRIDGE, EAST KHASI HILLS",MEGHALAYA,19.4,4.5,7.1,196,15.5
1427,"UMTREW AT BYRNIHAT EAST, MEGHALAYA",MEGHALAYA,23.7,7.2,7.1,107,6.7
3366,"UMTREW RIVER AT UMRAN, RI0 BHOI",MEGHALAYA,22.7,7.5,7,82,2.1
